<https://cso.kmi.open.ac.uk/topics/computer_science>,<http://cso.kmi.open.ac.uk/schema/cso#superTopicOf>,<https://cso.kmi.open.ac.uk/topics/artificial_intelligence>
<https://cso.kmi.open.ac.uk/topics/automated_pattern_recognition>,<http://cso.kmi.open.ac.uk/schema/cso#superTopicOf>,<https://cso.kmi.open.ac.uk/topics/subtraction_technique>
<https://cso.kmi.open.ac.uk/topics/subtraction_technique>,<http://cso.kmi.open.ac.uk/schema/cso#superTopicOf>,<https://cso.kmi.open.ac.uk/topics/image_subtraction>
<https://cso.kmi.open.ac.uk/topics/subtraction_technique>,<http://cso.kmi.open.ac.uk/schema/cso#superTopicOf>,<https://cso.kmi.open.ac.uk/topics/nonrigid_registration>
<https://cso.kmi.open.ac.uk/topics/nonrigid_registration>,<http://cso.kmi.open.ac.uk/schema/cso#superTopicOf>,<https://cso.kmi.open.ac.uk/topics/nonrigid_image_registration>
<https://cso.kmi.open.ac.uk/topics/nonrigid_registration>,<http://cso.kmi.open.ac.uk/schema/cso#contributesTo>,<https://cso.kmi.open.ac.uk/topics/rigid_registration>
<https://cso.kmi.open.ac.uk/topics/nonrigid_registration>,<http://cso.kmi.open.ac.uk/schema/cso#relatedEquivalent>,<https://cso.kmi.open.ac.uk/topics/non-rigid_registration>
<https://cso.kmi.open.ac.uk/topics/subtraction_technique>,<http://cso.kmi.open.ac.uk/schema/cso#superTopicOf>,<https://cso.kmi.open.ac.uk/topics/non-rigid_registration>
<https://cso.kmi.open.ac.uk/topics/non-rigid_registration>,<http://cso.kmi.open.ac.uk/schema/cso#relatedEquivalent>,<https://cso.kmi.open.ac.uk/topics/nonrigid_registration>
<https://cso.kmi.open.ac.uk/topics/non-rigid_registration>,<http://cso.kmi.open.ac.uk/schema/cso#superTopicOf>,<https://cso.kmi.open.ac.uk/topics/nonrigid_image_registration>
<https://cso.kmi.open.ac.uk/topics/non-rigid_registration>,<http://cso.kmi.open.ac.uk/schema/cso#contributesTo>,<https://cso.kmi.open.ac.uk/topics/rigid_registration>
<https://cso.kmi.open.ac.uk/topics/automated_pattern_recognition>,<http://cso.kmi.open.ac.uk/schema/cso#contributesTo>,<https://cso.kmi.open.ac.uk/topics/numerical_analysis%2C_computer-assisted>
<https://cso.kmi.open.ac.uk/topics/automated_pattern_recognition>,<http://cso.kmi.open.ac.uk/schema/cso#contributesTo>,<https://cso.kmi.open.ac.uk/topics/manifold_learning>
<https://cso.kmi.open.ac.uk/topics/manifold_learning>,<http://cso.kmi.open.ac.uk/schema/cso#superTopicOf>,<https://cso.kmi.open.ac.uk/topics/manifold_learning_algorithm>
<https://cso.kmi.open.ac.uk/topics/manifold_learning>,<http://cso.kmi.open.ac.uk/schema/cso#superTopicOf>,<https://cso.kmi.open.ac.uk/topics/nonlinear_dimensionality_reduction>
<https://cso.kmi.open.ac.uk/topics/nonlinear_dimensionality_reduction>,<http://cso.kmi.open.ac.uk/schema/cso#superTopicOf>,<https://cso.kmi.open.ac.uk/topics/laplacian_eigenmaps>
<https://cso.kmi.open.ac.uk/topics/nonlinear_dimensionality_reduction>,<http://cso.kmi.open.ac.uk/schema/cso#contributesTo>,<https://cso.kmi.open.ac.uk/topics/isomap>
<https://cso.kmi.open.ac.uk/topics/manifold_learning>,<http://cso.kmi.open.ac.uk/schema/cso#superTopicOf>,<https://cso.kmi.open.ac.uk/topics/locally_linear_embedding>
<https://cso.kmi.open.ac.uk/topics/manifold_learning>,<http://cso.kmi.open.ac.uk/schema/cso#superTopicOf>,<https://cso.kmi.open.ac.uk/topics/low-dimensional_manifolds>
<https://cso.kmi.open.ac.uk/topics/manifold_learning>,<http://cso.kmi.open.ac.uk/schema/cso#superTopicOf>,<https://cso.kmi.open.ac.uk/topics/low-dimensional_spaces>
